brand,flavor,level_g,status,col_g_color
Black Burn,Burn холодок,150,,
Black Burn,Папайя,0,база,
Black Burn,Малина,0,база,
Black Burn,ice baby,0,база,#ff00ff
Black Burn,кола,0,заменяемый,
Black Burn,базилик,100,база,
Black Burn,Луло,50,заменяемый,
Black Burn,кр апельсин,150,база,
Black Burn,Елка,50,заменяемый,
Black Burn,брауни,0,база,#a64d79
Black Burn,ананас шок,0,база,
Black Burn,Зеленый чай,50,база,#a64d79
Black Burn,чери гарден,100,,
Black Burn,На чиле,0,база,#ff00ff
Black Burn,виноградный чуп,0,база,#ff00ff
Black Burn,клюква шок,0,база,
Black Burn,красная смородина,0,база,
Black Burn,бузина шок,0,база,
Black Burn,лимон,0,,
Black Burn,гранат,0,,
Black Burn,Киви,0,,
Black Burn,арбуз,0,база,
Black Burn,манго-маракуйя,150,база,
Black Burn,Кейн минт,0,отказ,
Black Burn,грейп,0,отказ,
Khan Burley,Ягодный морс,0,,
Khan Burley,Фисташковое мороженое,50,база,
Khan Burley,Ореховое печенье,150,база,
Khan Burley,Груша,0,база,
Khan Burley,арбуз,0,база,
Khan Burley,Гранатовый чай,0,заменяемый,
Khan Burley,Смородина фейх,0,база,
Khan Burley,ананас,0,база,
Khan Burley,манго,0,база,
Khan Burley,Голубика,0,база,
Khan Burley,виноград,0,база,
Сарма,Буратино,150,,
Сарма,Щавель,0,база,
Сарма,Княженика,0,отказ,
Сарма,Ирга,100,,
Сарма,Киндер,0,,
Сарма,(без названия),0,,
Сарма,(без названия),0,заменяемый,
Сарма,(без названия),0,ба,
Сарма,(без названия),0,база,
Сарма,(без названия),0,отказ,
Sebero,Виноград Black,0,,
Sebero,Лимон Black,0,отказ,
Sebero,Клубника Black,0,база,#ff00ff
Sebero,Сочная дыня,150,отказ,
Sebero,RRB,,база,#ff00ff
Sebero,лимочела,150,база,
Sebero,малина,0,база,#ff00ff
Sebero,Ваниль классик,0,база,
Sebero,черная смородина,0,отказ,
Sebero,Клубника,0,,
Sebero,Огуречный спрайт,50,,
Trofimov TERROR,крик,50,,
Trofimov TERROR,Dark Plum,0,база,
Trofimov TERROR,Finlande Vanile,0,база,
Trofimov TERROR,Wild Strawberry,150,база,
Trofimov TERROR,Hustleberry,0,база,
Trofimov TERROR,апельсин,0,отказ,
Trofimov TERROR,Ред курант,0,отказ,
Trofimov TERROR,абрикос,0,база,
Trofimov TERROR,барбарис,0,,
Trofimov BURLEY,Абрикос,0,база,
Trofimov BURLEY,Киви,0,база,
Trofimov BURLEY,кактус,0,отказ,
Trofimov BURLEY,Апельсин,0,заменяемый,
Trofimov BURLEY,кола,0,отказ,
Trofimov BURLEY,персик кашемир,0,,
Trofimov BURLEY,манго,0,,
Trofimov BURLEY,земляника,0,,
Tangiers,Персиковый чай,0,,
Tangiers,(без названия),,база,
Deus,Кола,0,,
Deus,Черничный йогурт,0,база,
Deus,пионы,0,база,
Deus,Мята,0,заменяемый,
Deus,Юдзу,0,отказ,
Deus,гинес,0,заменяемый,
Deus,Скитлз,150,,
Deus,Пихта,50,,
Deus,Цветы апельсин,0,,
Deus,Грейпфрут,0,,
Deus,Холод,0,,
Deus,Зефир,0,,
Deus,Груша жасмин,50,,
Deus,Мороженое с шафран,0,,
Deus,малина,0,,
Jent cigar,Манго абрикос,100,,
Jent cigar,Кокосовые сливки,100|0,база,
Jent cigar,(без названия),0,база,
Jent cigar,(без названия),0,отказ,
Jent cigar,(без названия),0,база,
Jent cigar,(без названия),0,отказ,
Jent cigar,(без названия),0,отказ,
Bonche,Кофе,50,,
Bonche,Маракуйя,50,,
Bonche,Карамель,50,база,
Bonche,(без названия),,база,
Bonche,(без названия),,база,
Догма,груша,0,база,
Догма,лимон,0,база,
Догма,орбит,0,база,
Догма,чистая,0,заменяемый,
Догма,малахаяти,0,заменяемый,
Догма,Джавана,50,заменяемый,
Догма,герлинад (парфюм),0,заменяемый,
Deus Perfume,Catmint,50,,
Deus Perfume,But not today,0,база,
Deus Perfume,Black Afgano,0,база,
Deus Perfume,Psychedelic,0,заменяемый,
Deus Perfume,Red,50,,
Overdose,(без названия),0,,
Overdose,арахисовый стаут,0,отказ,
Overdose,амбровый банан (парф),0,отказ,
Overdose,грецкий орех,0,отказ,
Overdose,коктейльная вишня,0,база,
Overdose,(без названия),0,,
Overdose,(без названия),0,,
Palitra,Советские вафли,150,,
Palitra,Кола,100,заменяемый,
Palitra,Ананас,0,заменяемый,
Palitra,(без названия),,заменяемый,
Palitra,(без названия),,заменяемый,
Palitra,(без названия),,заменяемый,
Palitra,(без названия),,заменяемый,
Palitra,(без названия),,заменяемый,
Joy,Йогурт с киви,0,,
Joy,Marmeladno,0,,
Joy,Beac peach,100|0,база,
Joy,Orangelato,0,база,
Северный,север,0,база,
Северный,кислый,0,,
Musthave,Мандарин,0,,
Musthave,пинкман,100,база,
Musthave,ананасовые кольца,50,база,
Musthave,Какао,0,,
Musthave,Груша,,,
Musthave,Арбуз,100|0,,
Musthave,Лесные травы и хвоя,50,,
Musthave,Черная смородина,0,,
Musthave,Гранат,0,,
Musthave,Вишневый сок,0,,
Musthave,Кокос,0,,
Musthave,Ванильный крем,100,,
Musthave,Шоколадное печенье,0,,
Musthave,Банан кокос карамель,50,,
НАШ,кокос,0,база,
НАШ,зеленый чай,0,база,
НАШ,грут,0,отказ,
НАШ,груша горгонзола,0,база,
Сарма (блок 2),княженика,0,база,
Сарма (блок 2),ирга,0,база,
Сарма (блок 2),пепси вишня,0,отказ,
Сарма (блок 2),яблоко,0,отказ,
Сарма (блок 2),зима,0,отказ,
Blansh,Малина,0,,
Blansh,клубника,50,база,
Blansh,Вишневый сад,50,база,
Blansh,сливки 33%,150,база,
Blansh,Ленинградская пышка,50,,
Blansh,Яблоко,150,,
Спектрум,пряное вино,0,отказ,
Спектрум,Кактус,0,отказ,
Спектрум,Дюшес,50,отказ,
Спектрум,Медовый персик,0,,
Спектрум,Дыня липа,0,,
Спектрум,Спелый банан,50,,
Сапфир,тоник лаванда,0,база,
Сапфир,апкроль,0,отказ,
Сапфир,банан,0,база,
Сапфир,маракуйя,0,база,
Чабака,мед,0,,
Чабака,деревенская вишня,0,,
Элемент,Фруктовое пюре,50,,
Элемент,земляничное печенье,0,,
Элемент,вишневый холс,0,,
Элемент,Варенье пионы,100,,
Элемент,Ананас папайя,50,,
Сноблесс,Энергетик гуава,0,,
Сноблесс,гардения,0,,
Сноблесс,морковь,0,,
Сноблесс,кизил,0,,
